tweet_id,author_id,inbound,text,response_tweet_id,in_response_to_tweet_id,thread_id,amazon_response
1097377,378948,True,Amazonさんとタワレコさんから発送メールや支払いメール来ないけど見逃してるんかなそしたらやべぇ,1097376,,1097377,@378948 Amazonです。お支払い番号については出荷準備が開始された時点で発行されます。発行済みの場合はアカウントサービス内のメッセージセンターからもご参照いただけますのでご確認ください。SK
1107228,381321,True,Pedí una cosita en @116928 el 3/10 y decían que llegaría el 6 u 11 pero no llega🙄 Además no me han dado ni el número de seguimiento 😤,"1107226,1107235",,1107228,"@381321 Sin compartir información personal ni sensible por este medio,¿el producto era vendido y gestionado directamente por Amazon o 1/2"
1031087,363981,True,"@115825 Ein riesengroßes DANKESCHÖN, dass ihr die neue #Outlander  Folge so schnell eingestellt habt. Ihr seid spitze.",1031086,,1031087,@363981 Erstmal Danke fürs Danke! :-) Aber gerne. ;-) ^AK
1105756,380951,True,Amazonから不具合品寄越されてクッソイライラしてる,1105755,,1105756,"@380951 ご迷惑をおかけしております。発送元がアマゾンの場合は交換(可能な場合)または返品を承ります。
発送元が出品者の場合、対応について直接お問い合わせください。 ET"
115878,141800,True,@AmazonHelp Thanks but I’ve already written a half-dozen times and it’s abundantly clear no one bothers to read the actual text - it seems they look for keywords and paste a pat response - are they bots?,115876,115882,115883,"@141800 Your responses are answered by actual Representatives, not bots. Without disclosing personal info, can you provide more details about your issue or concern. We cannot access account info via Twitter but will try to help in any way. ^SH"
124690,143929,True,@AmazonHelp Ainda não!!! Mas vou pesquisar!,124691,124689,109786,@143929 Nós temos até eBook de graça! ✨ Pode conferir aqui:  ^CR
1135180,387433,True,@AmazonHelp En cuánto tiempo?,1135179,1135181,1135184,"@387433 Si el pedido se te cobró, recibirás un reembolso luego de 15 días naturales.

^Andrea V"
1121746,384598,True,@AmazonHelp おー、そうかそうか,"1121748,1121749",1121745,1121747,@384598 恐れ入ります。どうぞよろしくお願いいたします。TN
1146940,325013,True,"@AmazonHelp recentemente, fiz duas compras na amazon: um livro e o kindle paperwhite
na caso do livro, recebi uma cobrança de R$1 além do preço do livro","1146943,1146944",1146938,1146941,"@325013 (2/2) de compra de R$ 1,00. Essa autorização deverá ser liberada pelo banco, de acordo com suas políticas. ^LG"
1172182,395716,True,I'm not getting any love from @115830 😟The cards I ordered have been abandoned outside a door that doesn't look at all like mine. :(,1172180,,1172182,@395716 Oh no! Sorry for that! Reach out to us here:  so we can get this resolved for you! ^AD
1156249,391986,True,"@AmazonHelp Évidemment ! Et ils ont d'abord envoyé un second produit. Et quand j'ai réclamé ""juste l'adaptateur à 6€"", ben on m'a répondu à côté. 1/2",1156250,1156247,1156246,"@391986 Bonsoir, afin que je puisse vérifier votre dossier de près veuillez remplir le formulaire sur ce lien:  ^BR"
1137267,387902,True,So @115830 dropped a parcel off with us for a neighbour about 10 houses away last week. They’re not collecting and not answering door. 😩,1137265,,1137267,@387902 Is there any phone number on the parcel?^CD
1131240,386597,True,@AmazonHelp There’s the usual button - did I solve your problem but no point in pressing that because it isn’t solved. Has been better recently but now😫,1131241,1131239,1131234,@386597 Hi Ginny. You can select that your issue was not resolved and leave feedback that way. ^DC
1166760,197670,True,@123813 Cuando lanzaran alguna App para Roku TV en México????,1166759,,1166760,"@197670 En el momento no contamos con esta información, puedes estar pendiente de nuestra página web para más novedades. ^DA"
1095178,378438,True,@115850  @115821 I just want my fidget cube 😩,1095177,,1095178,@378438 Please let u know if you've already ordered one from us? ^GS
115818,141789,True,Comprei meus livros na segunda e já chegaram. Como não amar a @117086 💕,115817,,115818,"@141789 Olá, Amanda! Conte para nós, quais livros você comprou?. ❤️📚❤️  ^NB"
1153792,391459,True,"Hola, @116928: ¿Me podéis explicar esto de que el envío que esperaba lo recibió ayer ""Felpudo""?",1153788,,1153792,"@391459 Hola Javi, lamento lo sucedido. ¿Has podido hablar con el transportista directamente sobre esta entrega? ^LG"
1022541,361962,True,@115821 whyyyyyyy did you say you delivered my package an hour ago and it still isn’t here????!???????????????????????,1022539,,1022541,@361962 I'm sorry you don't have your package! Here's a link to our Help page for situations like this:  ^BV
1156190,391978,True,@AmazonHelp Pero llevaba el día en casa sin salir esperándolo jeje,1156192,1156189,1156188,"@391978 Claro, comprendemos, Daviss, y lamentamos el atraso. Por favor mantennos al tanto de la entrega de tu pedido. ^LG"
1001973,357178,True,WOW 3rd package lost by @115821 this month. Bravo 👏🏻 thanks for nothing 👏🏻👏🏻👏🏻👏🏻,1001972,,1001973,"@357178 Sorry about this, Kate! We're here to help. Who does the tracking indicate as the carrier for delivery? ^VB"
1146911,389934,True,Quelqu'un si connaît un peu sur Amazon s'il vous plaît ?  😦 j'ai besoin d'un renseignement  #amazon @120533 @AmazonHelp,1146910,,1146911,"@389934 Bonjour, comment pourrai-je vous aider ?^AR"
1086758,376340,True,"Liebes @AmazonHelp Team

Wenn diese von Thunderbird als Junk eingestufte Mail von Amazon Security ist, dann fresse ich einen Besen 😬😁😂😂😂","1086757,1086759",,1086758,"@376340 Am Besen kommst du vorbei, Thunderbird 😆 - Danke, sehr aufmerksam."
1080632,374920,True,密林で初めて詐欺られたかも,1080631,,1080632,"@374920 ご迷惑をおかけしております。出品者の販売商品に問題があった状況でしょうか？
お手数ですが出品者に直接お問い合わせいただき、問題が解決しない場合はマーケットプレイスの申請条件をご確認のうえお手続きください。　MH"
1004663,357794,True,"@115850 @AmazonHelp @115821 @15704 This is the product link
  
 
( This product can’t delivered to your place 600039 - pin code ) 

 Will I get this product to my home (Chennai) please tell me? I’m ready to pay 59$ if it delivers to my home. Help me",1004662,,1004663,@357794 I understand your concern regarding the product. I kindly request you to reach out to the support team of our partner site here:  via chat or email. They'd be glad to assist you with this. ^BV
1064801,169188,True,@117804 A importância de ser prudente,1387275,1064798,1064798,"@169188 Olá Herica, nós conta, o que você mais gosta de A importância de ser prudente? ^DA"
1104587,380659,True,@115830 why has £7.99 taken out off my account AMAZON UK PRIME   LU. not a prime customer,1104583,,1104587,"@380659 Oh no, Sue! I am so sorry about this! You can see how to cancel your prime membership here:  ^BE"
1152632,391227,True,"@AmazonHelp Y por otro lado he comprado un producto en preventa con prime que aún no se le conoce fecha de entrega, pero que puedo comprar en stock...",1152638,1152628,1152618,@391227 ¿A la hora de comprar el articulo verificaste si el producto estaba disponible en el momento? ^MB
1055258,369337,True,@AmazonHelp It just tells me it’s not available in the country I’m in.,1055255,1055261,1055262,"@369337 Ok, we need to look at your account. Can you contact us here:  ^MC"
1152528,391218,True,"@AmazonHelp Non mais sur le principe, je comprends pas pourquoi mes achats sont envoyés en Colissimo 24h alors que je suis abonné Premium.",1152529,1152527,1152526,@391218 Le choix du transporteur ne dépend pas du Prime mais plusieurs autres critères l'objectif c'est être livré à temps. ^BR
1119133,384053,True,"@AmazonHelp Estimate date doesn't mean that you will keep my product in my city for a 15 days..

Does it sounds logical??

Use your humor sir..🧐🧐🧐🧐",1119135,1119131,1119134,"@384053 Delivery estimates are given considering a lot of factors, Harsh. Please wait till the delivery date. ^JC"
1082392,375317,True,"@AmazonHelp I definitely was already there but I appreciate the effort you’ve gone through to send me this link. It’s ok, I got this xoxo",1082394,1082391,1082393,"@375317 Any time, please let us know if you have any questions or need assistance! 😊 ^DW"
1055233,369334,True,"@AmazonHelp 😡😡 second time in 4 days, I’m in the house and can confirm this item hasn’t been delivered, help!",1055231,,1055233,@369334 Oh no! Are you seeing recurring issues with the same courier:  Let us know! We're here to help! ^KN
1012793,136847,True,@AmazonHelp Tentar aqui.☺️,1012794,1012792,1012791,"@136847 Caso precisar de mais ajuda, contate de novo. ^MB"
1097359,378944,True,Amazonで頼んだ荷物が噂のデリバリープロパイダで届くらしいんてすけど、すでに2時間半遅延してるし連絡はないし、サイトもお届け情報更新されなくて今日届くかも不安なんだけど、ここまでくると楽しくなってくる,1097358,,1097359,@378944 ご迷惑をおかけしております。配送業者へご確認いただきましても解決に至らない場合には、お手数ですがAmazonカスタマーサービスへお問い合わせください。 どうぞよろしくお願いいたします。SK
1112096,382461,True,@AmazonHelp Now I find a tag in the mailbox that they couldn’t deliver. I was home. They didn’t try. :-(,"1112099,1112100",1112095,1112098,@382461 (2/2) carrier feedback. Please reach us by phone or chat here:  ^MV
113735,141263,True,"@AmazonHelp This is what it says now, I'm not happy as I was excited to receive this today 😣",113734,113736,113738,@141263 Oh no! I'm sorry for the delay with your order. Please reach us here:  for available options if your order doesn't arrive by Tuesday. ^EZ
1176293,377585,True,@AmazonHelp Lmao become a prime member ...uhh I am since I’m signed into the app.,1176295,1176292,1176294,@377585 We'd like to look into this with you real time. Please contact us ivia phone or chat here:  ^AJ
1053584,368946,True,@AmazonHelp Just received a text saying it will be delivered on Wednesday. How’s that possible? Earlier it said it should be delivered today!!!,1053586,1053583,1053581,@368946 Often times late packages arrive the following business day! Please let us know if you don't receive it by tomorrow! ^ME
1022540,361962,True,@AmazonHelp That link supplies Literally no help and still the package isn’t here. Thanks,1022542,1022539,1022541,@361962 Orders like this typically arrive by the next business day. Please let us know if you don't have it by tomorrow. ^CL
1064588,371342,True,"Hello @AmazonHelp , this email is yours or it is a virus? __email__ 
Thank you 😁",1064587,,1064588,"@371342 Hi, it doesn't look genuine. You can find ore help here;  ^BM"
1112584,382580,True,Hi @AmazonHelp I am still getting these weird emails after someone stole my password 😳,1112583,,1112584,"@382580 Hi, sorry about that. Please check here for help how to urn it off:  ^AT"
1046108,367294,True,"@AmazonHelp Non compare, se sono su .com c'e ma appena vado su .it non c'è più…",1046109,1046107,1046100,@367294 Se hai sottoscritto Prime su  non puoi utilizzarlo anche su Amazon.it perchè sono siti diversi. ^FS
1076280,373964,True,@373965 @115821 Ugh they’re blowing it I just got an email saying driver didn’t have gate access...um there is no gate?,1076278,1076282,1076282,@373964 I'm so sorry for the frustration! Who is the carrier for the order? ^DD
1125124,385296,True,"@115850 you always continue to gain my reliability and I am highly impressed with the service, within couple of hours of pick up of the return product, am refunded. You r truly consumer centric😎😎😎",1125123,,1125124,@385296 Thanks man :) That calls for a ........ ;) Have an awesome weekend! :P ^AP
1165341,394106,True,@115825 Musste letztens bei ner anderen bayrischen Serie deutsche Untertitel anschalten 😅Mal sehen.,1165340,1165342,1165345,"@394106 Jetzt hast du ja ein bißchen Zeit, es mal ohne zu versuchen. Bei Fragen kannst dich gern melden, wir haben Profis im Team 🤠 ^AS"
1007008,358298,True,@358299 @115821 I just received the Polaroid paper...and I just figured that it’s the wrong kind of paper for my camera 😭😭😭 How can I return it?,1007007,1007009,1007012,"@358298 For details on setting up a gift return, please click here:  ^AD"
1076267,373961,True,"なんか、ガラケーに、Amazonからメールが来たんですけど…
Amazon使ってないんです😭
どうしたらいいですか？",1076265,,1076267,@373961 これはAmazonからのメールではありません。当サイトを装ったメールを利用してお客様の情報を不正に取得しようとする悪質な詐欺が発生しています。このような身に覚えのないメールは無視していただき、返信・電話連絡等をいただかないようご注意ください。　MH
1041744,366362,True,"Socorro, preciso me manter BEM longe da @117086 nessa Black Friday, nem começou e já comprei 5 livros ontem.",1041743,,1041744,"@366362 Olá, Siddharta. É difícil se resistir, não é? Me diga, que livros você comprou? 🤔 ^CR"
1010361,359076,True,@AmazonHelp Yup thanks 👍,1010363,1010360,1010362,@359076 You're most welcome. ^CB
1015609,360295,True,"@AmazonHelp pero siguiendo sus factores:sí estaba disponible,envío a 2días y ya he comprado bastantes productos y siempre me han llegado a tiempo.",1015610,1015605,1015606,"@360295 Entiendo, para más información puedes consultar con nuestro Servicio al Cliente:  . ^MB"
1076380,373980,True,@AmazonHelp Pero es el crédito que disteis con la promoción de prime video. No es un código en si.,1076382,1076379,1076381,"@373980 Funciona de la misma manera, una vez aplicado no puede ser utilizado nuevamente. ^KS"
1094259,378270,True,"Brought many products from #Amazon recently. All were fine &amp; delivery on time. Amazon Pay balance is also 👌.
Thanks #AmazonIndia 
@115850",1094258,,1094259,"@378270 Glad to know like our services, Soumya. Thank you for the kind words. ^SV"
1160399,393009,True,"@117086 Queria pagar em boleto ou mesmo débito, mas só recebo respostas automáticas. Vou repensar todas as compras que faria nessa loja.",1160396,1160403,1160404,@393009 Olá Rafael! Qual foi a resposta fornecida pelo SAC? ^HC
1135041,387412,True,@AmazonHelp where’s my WWII? Ordered it back in April and it hasn’t come👏🏼 and @ATVIAssist your bonus codes dont work that got sent by email,1135039,,1135041,@387412 You can find the delivery date and most recent order/tracking details here:  ^LI
1108240,638002,True,@138673 @115850 Expected delivery today .. status showing surprisingly not shipped yet but arriving today.When???👎,2176451,1108234,1108234,@638002 That's strange! Kindly connect with us here:  and we'll look into it. ^PB
1074622,373550,True,げ、いつの間にかAmazonプライム会員になっていた。いつだよ,"1074621,1074623",,1074622,@373550 以前のお買い物の際などにAmazonプライムの無料体験をご利用されておりませんでしたでしょうか？Amazonプライムは自動更新設定をオフにした場合を除き、無料体験期間終了後に有料会員へ移行します。SK
1064854,340209,True,@115830 can i buy another amazonfire stick to use on the same accoun?? kids arguing over who’s using it 🙄 #1NotEnough #Amazon #Love,1064852,,1064854,@340209 Hey Claire- Yup you can. Good idea to keep the kiddies quiet! :) ;) ^NV
1041116,366247,True,@116928 @80 @130687 Estáis poniendo muy difícil el que vuelva a reservar algo con vosotros para que llegue el día de salida. Ya van dos veces seguidas.,1041115,1041117,1041118,@366247 Lamento el inconveniente. ¿Has intentado hablar con la empresa de transportes sobre esta entrega? ^VL
113768,141269,True,@115830 @AmazonHelp Can I ask why my Echo with free delivery adds £3+ delivery when placed in the cart?,113767,,113768,@141269 I'm sorry free shipping isn't being applied to your order! We'd like a chance to look into this with you via phone or chat. Please visit us here:  ^WT
1115009,367185,True,"@120533 quand un colis revient chez vous suite à l'incompétence d'un livreur @132988, peut-on le récupérer? Ou on peut lui dire adieu?",1115007,,1115009,"@367185 Bonjour, désolé pour cela. Pour tout colis retourné, le remboursement est émis de manière automatique à réception du retour.
^ARC"
105246,139242,True,Thanks @AmazonHelp for delivering my package so securely. I only live facing a busy road in East London 🤷‍♂️,"105245,105247",,105246,"@139242 So sorry about this, Steph! Just to confirm, are your unattended delivery preferences up to date? If not, you can update them by following the steps here:  ^JY"
1066665,371613,True,@115821 have started delivering items with out packaging and it’s writing in the description!!!!!!!!!!!!,1066662,,1066665,@371613 Sounds like our Frustration-Free Packaging! You can learn more about it here:  ^ME
1173909,396110,True,"@AmazonHelp hi, you've cancelled and refunded my order of £16.15 without asking me. To reorder will cost me £20.48 - bit of a piss take no 🤔",1173908,,1173909,"@396110 I'm sorry for the difficulty, Tom. We'd like to take a look at this with you. Please reach us here:  ^MH"
1015627,360297,True,"@AmazonHelp No, porque el sito web de amazon dice: 'Ponte en contacto con Amazon para proporcionar más información sobre la dirección.'",1015626,1015628,1015629,@360297 Ya veo. Por favor contáctanos a través del siguiente enlace:  ^JQ
1014219,359991,True,@AmazonHelp Around it’s very unprofessional and as a consumer it’s very frightening that you think you have the right to do so,1014223,1014218,1014222,@359991 This isn't the experience we strive for! Have you had a chance to speak with us via phone/chat to address this? ^JE
1085344,376022,True,アマゾンから届いた物ヒビ入ってたんだけどふざけんな返品だコノヤロウ,1085343,,1085344,"@376022 Amazonです。誠に申し訳ございません、お怪我はございませんでしたでしょうか？
返品手続きはこちらよりいただけます。
お手続きの際にご不明点などございましたらご遠慮なくお知らせください。　MH"
1135907,162656,True,Hello @AmazonHelp still waiting for someone to call me about my hacked account please 🙃🙃🙃🙃 haven’t got the spare money to just give away tnx,"1135906,1135908",,1135907,@162656 Apologies Poppy. Please forward your details -  we'd like to investigate further. ^TP
108217,140021,True,@117086 Obrigado por colocar o Kindle em promoção,108216,,108217,"@140021 Olá, Parzival! Só o melhor para nossos clientes! :D Me diga, você já aproveitou as nossas promoções? 🤔 ^CR"
1108203,381546,True,@AmazonHelp Merci ! En espérant une amélioration globale du service.,1108204,1108202,1108209,"@381546 Je vous en prie, sachez que c'est grâce à vos remontées que nos services s'améliorent. ^BR"
1007738,358468,True,@AmazonHelp Re-sending (which I requested to a different address) or a refund. But neither really solve the problem that it’s Prime and late.,1007739,1007737,1007736,@358468 I'm sorry we missed the mark on this order! Let us know if you have any issues with your replacement. We're happy to help! ^JS
1006558,350784,True,@AmazonHelp I’ve emailed.,1006559,1006557,1006554,"@350784 Thanks for confirming! Keep an eye out for our response to you! If we can help with anything further, pls reach back out! ^KN"
1129830,386291,True,"@AmazonHelp Hice un pedido la última vez y me lo cancelaron, he vuelto a realizarlo y quería saber si está todo en orden","1129828,1129838",1129839,1129840,"@386291 Entiendo, te comento que por este medio no tenemos acceso a tu cuenta, te sugiero contactar (1/2)"
1008939,358745,True,@AmazonHelp  🇺🇸 day 13/10,1008940,1008938,1008937,"@358745 Just to clarify, were they not able to get the order delivered to you? Were you given a new delivery date? ^VS"
124692,143929,True,@AmazonHelp Opa obrigada!!! 🖤🖤 Já vou começar a escolher!,124693,124691,109786,@143929 Nada Anna Paula! Boa sorte amiga! 😍📚 ^JJ
1082359,375310,True,"@AmazonHelp I'm pissed.
Also, @127390 I'M CRYING. I CAN'T BELIEVE YOUR BOOK'S BEEN OUT FOR LIKE 2 WEEKS &amp; I STILL HAVEN'T READ IT 😭💔","1082358,1082360",,1082359,"@375310 I'm sorry to see the date changed! The book is still on its way to you, if not received by Thursday, please let us know! ^AR"
1146541,389862,True,Tres artículos comprados en @115821 con cheque regalo que no llegan después de 1 mes y seis días del pedido y sin que me devuelvan el dinero,1146539,,1146541,"@389862 Hola Lu. Lamentamos la molestia, nos comentarías, ¿tu pedido es vendido por Amazon o un vendedor externo? ^HC"
114400,141429,True,@120533 3 colis non reçus alors qu’ils sont notés « livrés » sur votre site ! Toujours à la même adresse ça commence à faire beaucoup 😤😡 ça vaut le coup de payer Amazon Premium tous les ans,114398,,114400,"@141429 Bonjour, je suis navrée pour ce désagrément, quel est le transporteur en charge la livraison de vos colis ? ^ASZ"
1159269,267729,True,Ya llegó mi pedido de #BuenFin de @116875.,1159267,,1159269,"@267729 Hola Ady, nos alegra saber que ya has recibido tu pedido. 😉😃 Cuéntanos, ¿qué has comprado? ^KA"
1146958,389943,True,Pire @12370 ré-utilise des adresses supprimées de mon compte depuis longtemps et il trouve cela normal...,1146957,,1146958,"@389943 Bjr, puis-je savoir de quoi s'agit-il, s'il vous plaît ? ^RA"
1035510,364936,True,"@AmazonHelp Lo he intentado pero la página web de ASM no funciona, y no encuentro la manera de contactar con Att. Cliente.",1035509,1035511,1035513,@364936 Comprendo. Puedes contactar con nuestros compañeros en el siguiente enlace:  ^LG
1100433,132139,True,@AmazonHelp Dann hätte es die letzten 3 Wochen drauf sein müssen. Beschwerde also berechtigt!,1100435,1100432,1100449,"@132139 Ups, jetzt seh ich erst meinen Zahlendreher. Wollte eigentlich 212 schreiben. ;-) Jedenfalls drück ich dir dir Daumen, dass du bereits vorher noch in den Genuss des ominösen Klebebandes kommst. Gruß ^JS"
693898,139999,True,@AmazonHelp Deja fait sans succès... 1ere fois chez amazon.. Genial lachat..,693899,693897,108106,@139999 Pouvez-vous m'indiquer le nom du transporteur ayant pris en charge votre colis ainsi que le numéro de suivi s'il vous plait ? ^SB
1127350,385790,True,Prometieron entrega para ayer. Paquete @115821 llegó a Puerto Rico oct 16. Todavía @115817 no lo ha entregado. Y eso que era de urgencia!,"1127348,1127356,1127357,1127358,1127359",,1127350,@385790 ¿Provenía directamente de Amazon o de un vendedor Marketplace?¿Has contactado al transportista? ^JD
1068511,372156,True,@AmazonHelp Up to date. Here’s the message - same on iOS or computer via,1068515,1068510,1068514,@372156 I've escalated this to our development team. Please try again in an hour or two. Issues like these are often fixed shortly.^ST
1041838,154210,True,Black Friday: promoções relâmpago da @117086 Eu,1041836,,1041838,"@154210 Olá, DaniFerian. Me diga, você já aproveitou as nossas promoções? :D ^CR"
1055262,369337,True,"@129773 why is like, nothing available in the Republic if Ireland? I’m a paying member and can not get any shows here.",1055261,,1055262,@369337 Are you receiving geo-location area? ^MC
1155412,391798,True,My auntie (who I share a birthday with) sent me a really angry text telling me that my present was lost by Amazon but she was never told 😂😂,1155411,,1155412,"@391798 Hi, sorry to hear this. Has your Aunt contacted us about this? ^BZ"
1114866,383094,True,@AmazonHelp No explanation offered. It’s been sent back twice and estimate delivery date just changes. I have no clue what’s going on,1114864,1114867,1114873,@383094 Was a new estimated delivery date provided to you James when you spoke with us? ^NV
1128010,385938,True,.@115821 il va vraiment falloir que tu mettes la pression à @132988. Je suis CHEZ MOI ... mon colislivré en POINT RELAIS #WTF 🤔,1128008,,1128010,"@385938 Bonjour, je suis désolée pour cela😓
L'avez-vous signalé à notre SAV afin qu'il prenne les mesures nécessaires?^FT"
1167702,394655,True,"@AmazonHelp Ugh! I’m in the UK now, where, for some paranoid reason, laws are in place that make every website have a cookie acceptance clause.",1167703,1167700,1167712,@394655 Please try restarting your computer if the problem persists. Keep us updated! ^AC
1135951,387616,True,Amazonからまったく見に覚えない荷物届いたんだけどこわい,1135950,,1135951,@387616 失礼いたします。情報などお伺いしたうえで当サイトで確認させていただきますので、こちらよりカスタマーサービスにお問い合わせください。 RI
101712,138281,True,"@AmazonHelp Die Kaffeemaschine kam an! :)

Natürlich kam sie Defekt an.","101711,101713",101714,101719,"@138281 Oh nein... wenn einmal der Wurm drin ist. Melde dich bitte einmal im Kundenservice, damit die Kollegen sich das anschauen können:  Gruß ^AN"
1047220,367523,True,@120540 Per quale assurda ragione è stata eliminata la modalità landscape su iPad? Su iPad Pro con smartkeyboard è scomodissimo! 😒,1047219,,1047220,"@367523 grazie per il riscontro, abbiamo inviato una segnalazione al team competente affinchè effettui una verifica. ^BC"
102964,138645,True,"@AmazonHelp Tout à fait, depuis samedi dernier.",102966,102963,102977,"@138645 Alors soyez assuré que votre requête est en cours de traitement, et que vous serez recontacté dès que possible afin de vous informer de la résolution du problème.
^SA"
1019535,361236,True,@AmazonHelp Now it’s saying it may not be delivered by the 17th? I have assignments due.,1019538,1019533,1019536,@361236 Who's the carrier listed here:  ^KP
1109514,381835,True,@116618 any idea when video appwillbe on Apple TV? I would love to have it sooooon😜,1109513,,1109514,@381835 Here is a list of all devices compatible with Amazon Video:  Please check it periodically for updates! ^SH
145747,149059,True,"@AmazonHelp Comprei um de inbound Marketing em inglês e ganhei a promoção de R$ 5,00 pro próx e-book, comprei um de Marketing de conteúdo e um da Chimanda “meio sol amarelo” 💚 me segurando pra não comprar mais hahah",145748,145746,109786,"@149059 Todos os livros querem ficar com você 😅 A Chimamanda é uma escritora incrível, Milena! Você já leu algum outro livo dela? ^LG"
1124998,385271,True,"@AmazonHelp Bonsoir, je me permets de vous recontacter, sur le suivi du colis ( il est indiqué qu'il vous a été retourné le 23, et toujours aucune trace du remboursement ni du retour sur le suivi Amazon (Commande 171-9675591-6903551)",1124999,1124997,1125000,"@385271 Bonsoir Yann, N'ayant pas accès à votre compte client depuis Twitter, vous pouvez demander a être rappelé par notre service client via le lien suivant s'il vous plaît:  Afin de nous permettre de vérifier cela pour vous."
1072650,373107,True,@117086 A promoção do Kindle vai até que dia?,1072649,,1072650,"@373107 Olá Jubax, a promoção vai até 25 de outubro, para mais informações acessa aqui:  ^DA"
1110777,382156,True,Amazon昨日頼んだんやけど、なかなか支払い番号けーへん,1110775,,1110777,@382156 お待たせしております。 YM
1126683,351941,True,@AmazonHelp Thanks!,1126684,1126682,1126681,@351941 You're welcome! We're here to help! ^AB
1099311,379412,True,荷物が届いていない、けどアマゾンは着いたって言ってる,1099310,,1099311,@379412 アマゾンです。メール便での発送ではございませんか。その場合、ポスト投函にて配達完了とさせていただいております。お手数ですがご家族様がお受取りでないかも含めご確認いただけますでしょうか。ET
1056803,369523,True,@AmazonHelp Seguiré esperando,1056802,1056804,1056815,@369523 De acuerdo Kronos. En caso de que nos necesites no dudes en contactarnos. ^MB
1117742,383729,True,@AmazonHelp Oct 23rd,1117743,1117741,1117740,@383729 Thank you for the update. Is there a recent update from the carrier tracking? Late orders typically arrive the next day. ^GM
1023610,362225,True,@AmazonHelp Fab thank you,1023611,1023609,1023606,@362225 We're always happy to help! Please reach out to us if there's anything else we can do for you! ^GR
1123622,384979,True,@115850,1141450,1123621,1123621,@384979 We cross-checked and the app seems to be running fine. Try back in sometime and keep us posted. ^CB
1085081,495908,True,@115850,1617253,1085076,1085076,@495908 We'd like to know more about this. Kindly connect with us here:  and we'll look into it. ^PB
1001110,261934,True,@AmazonHelp Yes that worked! TY,1001109,1001111,1001112,@261934 Awesome! Glad we could help! ^TR
1044954,194083,True,@AmazonHelp Muchas gracias ;),1044956,1044953,1044955,"@194083 Con gusto Héctor, no dudes en contactarnos si lo necesitas, estamos para ayudar. ^JD"
1173878,392723,True,@AmazonHelp it's all filled in,1173880,1173877,1173879,"@392723 I can confirm that we have received your information, and appreciate your patience with us while we look into this! Thanks! ^KJ"
1156833,392137,True,amazonくんから支払い番号が来ないんだけどﾏﾀﾞｶﾅ～～😇,1156832,,1156833,@392137 お支払い番号は商品によって発行時期が異なります。また、発行済みの場合には、アカウントサービスの注文履歴から番号を確認することが可能です。発行タイミングなど詳しくは、リンクのヘルプページをご参照ください。 TN
1014287,290972,True,@AmazonHelp Hahahaha adorei! ❤️,1014289,1014286,1014288,"@290972 Opa 😉 Assim que receber o seu pedido envie uma fotinho para nós, Sabrina 😊 ^LG"
1046581,367388,True,@AmazonHelp but i sent an email,1046582,1046579,1046577,"@367388 The best option might be to begin a chat from a computer using the link. Otherwise, please wait for the e-mail. ^GR"
1034715,364769,True,@AmazonHelp hello any updates,1034716,1034714,1034704,@364769 Your can check for our response here:  Hope this helps. ^CB
105304,139253,True,@AmazonHelp Where?,105303,105305,105309,@139253 Sorry to see the Messaging Assistant is trying to push you towards a call back when it is not an appropriate time. This may be due to the particular issue you are messaging us about or there may be no chat agents available right now. Can you try again? ^MI
1079448,374618,True,@AmazonHelp Done,1079449,1079447,1079446,"@374618 Thanks. We've received your info. Without providing account specifics, have you received a locker pick up code yet? ^BH"
1042258,297523,True,@115850 @115851,"1042254,1042273,1042274,1042275,1042276",1042277,1042278,"@297523 occasionally, the MRP of the product delivered might differ from the MRP mentioned on the website. This may happen 2/4 ^RS"
1044945,367056,True,@AmazonHelp Thanks,1044946,1044944,1044943,@367056 Anytime! ^HA
1167764,374898,True,@AmazonHelp and no response! :-/,1167763,,1167764,@374898 Please report this to our support team here:  so that we can assist you accordingly. ^SU
1115726,383277,True,すとくくん初めてのAmazon,1115724,,1115726,@383277 初めてのAmazonのご利用、誠にありがとうございました(*ˊ˘ˋ*) HM
1104579,380658,True,@AmazonHelp How long is the sale?,1104580,1104578,1104582,@380658 The sale is available through the 25th of October 2017! ^BE
111961,140865,True,@AmazonHelp,111959,111963,111966,"@140865 I'm very sorry for the delay. Whenever you have the time, give us a shout here:  We'd be happy to discuss your order in real-time. ^SK"
1034268,364676,True,@AmazonHelp Yes!,1034269,1034267,1034262,@364676 Please reach out to us here:  and we can look into this further. ^PK
1134056,387213,True,@AmazonHelp Ok I'll wait till 8PM.,1134058,1134055,1134057,"@387213 Appreciate your patience, Akash. Do keep us posted if you need any further assistance. ^MO"
1041641,366345,True,@AmazonHelp USA,1041640,1041642,1041643,@366345 Thank you for the information! Please reach out to us via phone or chat here:  Thanks! ^AJ
1098635,379246,True,@AmazonHelp 画像からお願いします,1098636,1098634,1098633,@379246 ご注文商品は、ご案内する「お届け予定日の最終日」までにお届けするよう努めております。そのため予定日を「10月19日から11月2日」とご案内している場合は、11月2日の21時（交通事情などにより遅れる場合もございます）までにお届けする予定となります。TN
1006541,358183,True,@AmazonHelp 👌🏿👌🏿👌🏿 il était là,1006543,1006540,1006545,"@358183 SUPER 😍😍! Sinon, avez-vous penser de mettre un petit sticker avec "" Valar Morghulis"" juste devant la caméra ? 🙃 haha !! ^SA"
1109454,381825,True,@115850 Thanks for information,1109453,1109455,1109455,@381825 You're welcome:) ^MM
1151136,390892,True,@AmazonHelp Got it working. Thx.,1151138,1151135,1151137,@390892 Thanks for the update! Please let us know if you need any further assistance. ^BH
1072126,372997,True,@AmazonHelp help me out,1072124,,1072126,"@372997 Thanks for reaching out to us! We're here for you! Without giving any account information, please tell us what's going on. ^KJ"
1080333,374859,True,@AmazonHelp Amazon EU S.a.r. L,1080332,1080334,1080337,"@374859 Please allow us to take a closer with you via phone/chat, Andres! You can reach us here:  ^CS"
1075344,128307,True,@AmazonHelp Any update?,1075345,1075343,1075340,@128307 You should have received an email communication here:  ^RW
1014767,360103,True,@AmazonHelp What detail,1014768,1014755,1014703,@360103 Please respond to the email you've received from our team and we'll assist you accordingly. ^SU
1078231,374359,True,@AmazonHelp,1078229,,1078231,"@374359 Oh no! We definitely want your gifts to you on time, Kara. Who is the carrier and has it arrived yet? ^SG"
108269,140031,True,@AmazonHelp Done,108268,108270,108273,@140031 Awesome! Let us know how what answers you receive. ^DA
1116252,382810,True,@AmazonHelp A month or 2 ago,1116254,1116251,1116253,@382810 Reach us here:   via Phone or Chat.^CD
1104433,380624,True,@AmazonHelp 有能かよ,1104435,1104432,1104434,@380624 お手続きについてご不明な点などございましたら、お知らせくださいませ。ET
1626103,497948,True,@115850 Yeah done ☺️☺️!!,1626101,1626104,1048118,@497948 Thank you for sharing your details. We'll get back to you soon. ^KH
113753,141267,True,@AmazonHelp See for yourself,113756,113752,113763,"@141267 I see that this screenshot is on Amazon.de, is there a trial that has started on  You can view this here:  ^GR"
113737,141263,True,@115830 @AmazonHelp !!!!!!!!,113736,113738,113738,"@141263 Apologies for the delay in response! We're here to help. What's the most recent tracking update for your orders? Are they still marked as ""Out for Delivery""? You can check here:  ^BL"
1113822,382870,True,@AmazonHelp I am not sure.. 🤔,1113823,1113821,1113820,@382870 Apologies for any confusion. The price you currently see is the best we can offer. More info here:
1140938,388564,True,@AmazonHelp All done thank you!,1140937,1140939,1140940,@388564 You're very welcome! Please let us know if you ever have any other questions or concerns. We're always happy to help. ^WJ
105088,139215,True,@AmazonHelp Hd,105091,105087,105090,"@139215 Have you tried turning the device off, then back on? Once you've done so, then try to download the app again. If that does not work, then please let us know, so that we can further assist! ^GP"
1132099,386606,True,@AmazonHelp Call me on 7975863345,"1132101,1132102,1132103",1132098,1132100,"@386606 contact information, as we consider it to be personal information. Our Twitter page is visible to the public. 3/3 ^AP"
1095319,378473,True,@115850,1097375,1095318,1095318,@378473 I'm sorry for the delay. Please provide your details here:  and I'll get back to you on this. ^SH
111906,140851,True,@AmazonHelp Thank You!!,113746,111905,111905,@140851 You're welcome. Do keep us posted for any further assistance. ^SV
1171325,395483,True,@AmazonHelp Awaiting response,1171326,1171324,1171320,@395483 Could you please confirm if you have shared your details through the secure link provided earlier? ^AP
1128691,386066,True,@115850,"1128689,1128696",,1128691,@386066 Sincere apologies for the stretch. Please share your details here:  so we could get this resolved. 1/2^RS
1056777,369518,True,@115850 no response yet,"1390348,1390349",1056770,1056770,@369518 Please fill this form:  and I’ll contact you soon. ^PJ(2/2)
1031873,364158,True,@AmazonHelp Help me please.,1031871,,1031873,"@364158 We are here to help Seth. W/o posting personal info, are you able to elaborate on the issue? ^PK"
1133082,386994,True,"はやく来いよ....
Amazonなにしてんの....",1133080,,1133082,@386994 恐れ入ります。状況を確認したうえで対応させていただきますので、お手数ではございますが、こちらよりカスタマーサービスにお問い合わせください。 RI
1141928,354326,True,@AmazonHelp,1141927,1141929,1141932,@354326 Apologies. May I know if you've reported this to our support team? ^SK
1085471,376053,True,clock’s tickin’ @115821,1085468,,1085471,@376053 Thanks for reaching out. Please let us know if the order does not arrive by the time stated. ^GG
1043178,366685,True,@AmazonHelp Thanks :),1043180,1043177,1043182,@366685 You're welcome! Let us know if you have any other questions or concerns! ^CS
1115370,118356,True,@AmazonHelp No new message...,1115371,1115368,1115366,@118356 We have checked it from our end and see that a reply has been sent. Kindly check for a reply sent from (1/2)^HR
1114871,383094,True,@AmazonHelp Mobile chat,1114869,1114872,1114873,@383094 And what were you advised? ^AS
1152724,283086,True,@AmazonHelp That worked. Thanks!,1152723,1152725,1152729,"@283086 No problem, that's what we do! Thanks for letting us know and have a great rest of your day. ^EM"
1132111,386768,True,@AmazonHelp It was 16th Oct.,"1132113,1132114",1132110,1132112,"@386768 I'm sorry for the disappointment with the delivery of your order, it is never our intention to cause inconvenience to 1/2 ^OS"
1121624,384565,True,@115850 Hope i win #HappyDiwali,1121622,1121626,1121626,"@384565 All the best, Mahesh. 👍 ^KS"
1099309,379411,True,"あれ？
 あまぞんで二重引き落としされてる？？",1099308,,1099309,@379411 ご迷惑をおかけしております。状況をお調べした上でご案内させていただきますので、恐れ入りますが、以下のリンクよりカスタマーサービスにお問い合わせください。 TN
1041712,771694,True,@116875 Exelente servicio,2757451,1041703,1041703,@771694 ¡Hola Antonio! ¡Siempre es un placer atender a nuestros clientes! 🙂 ^DS
1151747,374857,True,@AmazonHelp No both are different.,1151746,1151748,1151751,@374857 Could you please confirm the devices you are using? ^SS
1129339,388797,True,@117804 Vai até quando o desconto?,1141956,1129338,1129338,"@388797 Oi Vane, a promoção é válida até o dia 25 de outubro de 2017. ^LG"
1004531,357766,True,@AmazonHelp amazon.ca,1004530,1004532,1004533,"@357766 Thank you for confirming, Emma. We're here to help! What does the current tracking status indicate here:  Please let us know! ^FD"
1140880,388550,True,@115850,1140878,,1140880,@388550 We have already sent the response via DM. Request you to check and respond to that correspondence. ^NK
1034207,364666,True,Amazonお支払い番号のやつ１個しか来ないんだけどなんでえっえっ,1034206,,1034207,@364666 コンビニ・ATM・ネットバンキング・電子マネー払いのお支払番号は、ご注文の出荷準備が開始されるタイミングで発行されます。出荷準備開始後は、注文履歴の「領収書／購入明細書」からお支払い番号を確認頂けます。発行まで今しばらくお待ちください。 EK
1096780,378812,True,@378811 @AmazonHelp,"1096781,1096782",1096778,1096779,"@378812 Hey, please reach out-  a digital specialist will be happy to troubleshoot further. Keep us posted^TP"
1078644,341004,True,@AmazonHelp Comment je peux ?,1078643,1078645,1078651,"@341004 Je vous invite à contacter notre SAV via le lien suivant : 
^SM"
1100439,132139,True,@AmazonHelp Ja auf jeden Fall! :-),1100440,1100438,1100449,@132139 Vielleicht können wir dir aber auch ein Lächeln ins Gesicht zaubern. Melde dich bitte mal direkt beim Social Media Team:  Keine Angst. Ist nichts schlimmes. :-)
1092440,377793,True,Thanks @115821 and @115817,"1092438,1092441",,1092440,@377793 I'm sorry for the delivery trouble! Have you looked at any replacement or refund options here:  ^MH
1156750,392111,True,"@119356 
is this a joke?","1156748,1156752",,1156750,"@392111 Sorry about this experience with your order, Ranjit. I'd like to take a closer look. 1/2 ^HD"
108143,140415,True,@117804 Comprei ;),109990,108141,108141,"@140415 Nay, ótimo! você vai ficar namorada do Kindle! 😍 ^AG"
1076322,196149,True,@AmazonHelp I think so...,1076324,1076320,1076323,@196149 What's the delivery date listed in the original order confirmation e-mail? You can find that here:  ^EA
1041841,366384,True,アマゾンからの荷物待ち～、ホラー２本届く予定(*´∀`)♪,1041840,,1041841,"@366384 Amazonをご利用いただき、ありがとうございます！
商品到着まで、今しばらくお待ちください୧꒰*´꒳`*꒱૭TY"
144172,141442,True,@115850,145821,114450,114448,@141442 We are currently working on your issue and we'll get back to you with update soon. ^VH
1171358,375959,True,@AmazonHelp Carrier was AMZL US,1171360,1171357,1171359,"@375959 I am so sorry about this delivery issue, Joshua. Please give us some information here:  ^BE"
1033185,364443,True,@115850,"1033184,1033186",1033187,1033187,@364443 Sorry for the inconvenience. Please contact our support team here:  we will get it sorted. (1/2)^GU
2290857,665414,True,@AmazonHelp Sent AGAIN !,2290858,2290856,1100412,@665414 Thank you. We'll work on it and get back to you with an update soon. ^NR
108097,139999,True,@AmazonHelp Oui,108096,108098,108106,"@139999 Afin que l’on puisse vérifier votre dossier, merci de remplir ce formulaire via un PC s'il vous plaît :  
^SA"
107284,139829,True,#Amazon @AmazonHelp,107282,,107284,"@139829 I'm so terribly sorry! We'd like to be sure we get this reported directly to the courier management, please contact us directly here:  ^NC"
1071092,372754,True,@115821 And again!!,1369564,1071091,1071091,@372754 I'm sorry your parcel wasn't left where you wanted at. Have you set your delivery preferences:  ^BV
1113828,382871,True,@AmazonHelp What details u require,1113829,1113827,1113826,@382871 The details asked in the link which has been shared above. Appreciate your understanding in this query. ^HR
1128656,386060,True,@AmazonHelp DMでメールします,1128658,1128655,1128657,@386060 恐れ入りますが、DMではご注文を特定できないため、お調べができません。先ほどお送りしたURLよりカスタマーサービスまでお電話でお問い合わせ下さい。 EK
1034624,364756,True,@AmazonHelp No but will do,1034626,1034623,1034629,@364756 Keep us posted Vicky :-) ^TP
1035082,364850,True,@AmazonHelp ちゃんと仕事して,1035081,1035083,1035084,@364850 お手数をおかけし、申し訳ございませんでした。 EK
1098595,379240,True,@AmazonHelp  OK I help u,1098597,1098594,1098596,"@379240 Did you have any questions for us today? If so, we'd love to answer them for you. ^CL"
1034270,364676,True,@AmazonHelp Email sent!,1034271,1034269,1034262,"@364676 Great, we will respond to you as soon as possible. ^CR"
114399,141429,True,@AmazonHelp Colis privé,114401,114398,114400,@141429 L'avez-vous signalé à notre SAV afin qu'une enquête puisse être ouverte ? ^SM
108144,142343,True,@117804 comprei!! 💌,118836,108141,108141,@142343 Sua felicidade vai aumentar com o tempo! O Kindle é uma maravilha 白 ❀! Eu adoro. ❤️ ^JJ
1007767,358474,True,@115821 so disappointed in ya'll.,1007766,,1007767,"@358474 This isn't what we want to hear! Without personal/acct info, please tell us about what has happened? We'd like to help! ^JE"
1112580,382579,True,@AmazonHelp All of them man.,1112582,1112579,1112581,@382579 I've reported this to the concerned team. We'll have it reviewed and make the necessary corrections. ^EM
1060417,370368,True,@AmazonHelp Thanks it was .co.uk,1060419,1060416,1060418,@370368 Thanks for confirming! Please get in touch with us here:  so we can discuss options. ^BG
1077753,374252,True,@AmazonHelp November 11,1077752,1077754,1077755,@374252 I know how frustrating this can be. Who is the carrier? ^BA
1019298,361184,True,@AmazonHelp yes.,1019299,1019297,1019296,@361184 Please reach out to us here so our Alexa Support can look into this with you:  ^CL
1057305,193287,True,@AmazonHelp,1057304,1057306,1057307,@193287 It looks like this is in digital form. I hope that helps! ^EM
1085957,318410,True,@AmazonHelp Merci :),1085955,1085958,1085959,"@318410 A votre service, je vous souhaite une bonne soirée ^KD"
1075166,373680,True,@AmazonHelp,1075168,1075165,1075167,@373680 Thanks for the info! Is this item listed by a seller or by Amazon? You can check on that here: ^SA
1046677,268374,True,@AmazonHelp,"1046676,1046678",,1046677,"@268374 Also, don’t provide your order details as its personal information. Our Twitter page is visible to public. 2/2 ^RS"
1112083,382458,True,@AmazonHelp @115821,1112081,,1112083,@382458 I'm sorry for the wait! What's the delivery date provided in your order confirmation e-mail:  ^SH
1066676,371726,True,@AmazonHelp No joy,1066677,1066675,1066672,@371726 I'm sorry you're still having issues. Could you please fill out this form  so we can help you with this? ^AY
1054776,171750,True,@AmazonHelp The order No is 204-5895601-1779530,1054775,,1054776,@171750 Hi Colin- What was the expected delivery date of your order? ^NV
1003643,357556,True,@115850 I am not able to trace cancelling option for my order. Please help as the delivery time mentioned is too long,"1003642,1003644",,1003643,"@357556 If the order is in advance shipping phase, you'll be unable to cancel it. [1/2] ^HA"
1102334,380108,True,@AmazonHelp I have no idea whether it is on hold or no.Tried changing the password stll showing incorrect password.regstrd id __email__,"1102336,1102337",1102333,1102335,@380108 Sorry to hear about the account issue. Please report it to our specialist team:  we'll assist. ^GS
1058803,369978,True,@AmazonHelp Thanks so much for getting back to me on this. Really felt the customer service. /Sarcasm,1058801,1058806,1058806,"@369978 Hi, sorry we missed your tweet! What info is visible in your account:  Have you received an email update? ^TS"
1140841,388545,True,@AmazonHelp Case number 4513803001 called on 10/9 for reimbursement check  $39.99 still waiting for check. Put in request on 8/31/17.,1140839,1140843,1140844,"@388545 Thanks for sharing, Danielle. Can you let us know what the reimbursement check was for? We're here to help! ^FD"
115960,141822,True,"Hey @AmazonHelp @116316  

Normaler, deutscher Account hier in Deutschland ohne VPN - was ist da falsch?! 
Neuinstallation inkl. Neuem Login hilft nicht.",115959,,115960,"@141822 Hi, hast du eine deutsche Rechnungsadresse und eine deutsche Zahlungsart in deinem Kundenkonto hinterlegt? Gruß ^MI"
1069885,372453,True,"Hi @AmazonHelp, could you tell my why your logistics driver gave 3 different reasons for not delivering this evening? Which one is correct?",1069883,,1069885,@372453 We definitely don't want to disappoint you. Have you contacted us about the delay:  ^KB
1153727,220842,True,"@AmazonHelp Ahora fueron unos vinilos, unos blurays y un juego de Switch",1153729,1153726,1153737,@220842 ¡Vinilos! ❤ ¿Cuáles tienes? ^DA
1097261,378928,True,@AmazonHelp @115850 @115821 @115830 this isn't 1st time i am hearing this and it's been almost 4 day i have been waiting for this issue,1097262,1097260,1097252,"@378928 Please be assured, our concerned team would reach out to you with an update soon. ^GS"
1164617,373086,True,We have a serious problem now with what just happened today at my home with an Amazon driver.  Anyone there at Amazon care?,1164615,,1164617,"@373086 We'd like to assist. Without providing any order details, will you tell us more about what's going on?  ^KB"
1109476,219040,True,you are making ppl fool n are looting money of innocent buyers. I am looted by the @115850 even nobody is ready to help me out...,1109475,,1109476,"@219040 Just to confirm, have you reverted to our last correspondence to you via email as requested earlier? ^AB"
109800,140381,True,"@115830 You've not delivered my parcel by 8pm tonight as per your email, where is it and what discount are you offering for a failed delivery service?",109798,,109800,"@140381 I'm sorry you haven't received your parcel yet. Delayed orders typically arrive the following business day. We may not have an immediate solution, but we can certainly look into options with you here:  ^MB"
1037616,365461,True,"@115850 Prod not received yet, ORDER # 408-2943187-7385924 bt prod details shows 'Delivered on 21.10.17'. Look into the matter plz","1037615,1037617,1037618",,1037616,"@365461 Apologies for the trouble with the delivery of your order, Diptoneel. I'd like to know more about this. 1/2 ^HD"
1128650,386059,True,@115830 I need help I have an account which has randomly had the email address changed. I have a prime subscription on the account. HELP!!,1128648,,1128650,@386059 Sorry to hear. Please reach out -  (No sign in necessary) we'll be happy to escalte further. ^TP
1168751,394917,True,Yo @240 heads up. You guys need to have a talk with @115850 . Ordered 2 3 pack RGB fans and only got single packs.,1168749,,1168751,"@394917 My apologies, Viraj. Please contact us here:  and we’ll be glad to help you. ^NK"
1115366,118356,True,@AmazonHelp I'm pissed off with you people now...Not set shipping my order..Waiting Since 8th October!!!! WHAT TYPE OF SERVICE IS THIS!???,"1115364,1115372",,1115366,@118356 Apologies for the trouble with the delivery of the order. Could you let us know ^AK (1/2)
111754,140824,True,"@115833 
So, my echo just took the contacts from all of our phones...there was no ask, no permissions...nothing...  We have three different cell lines in our house; was it suppose to do this?",111753,,111754,"@140824 That's very odd. Whenever convenient for your, give us a shout here:  We'd be happy to assist and troubleshoot in real-time. ^SK"
1020106,361378,True,@AmazonHelp Thank you! It arrived today. I'll ask the author about it tomorrow. 'The grace of waiting' by Margaret Whipp.,1020108,1020105,1020107,@361378 Great! Thanks for letting us know! Happy reading! ^LB
1054054,369044,True,@AmazonHelp  is this really acceptable to leave my parcel on the doorstep all day?,1054053,,1054054,@369044 I'm sorry your order was left unattended. Have you had a chance to set a safe place in case you're out:  ^RA
1056761,369515,True,"Dear @115821 - I ordered Anthony Burgess, Here Comes Everybody: Introduction to James Joyce.
Why, please, have I received:",1056760,,1056761,"@369515 Oh no, my apologies! Please reach us phone/chat and we'll explore options together:  Keep us posted! ^KN"
101794,138297,True,@119625 should bring in @132021 series!! I'm eagerly waiting for that day!!,101793,,101794,@138297 We don't have an announcement yet. We will continue to add new content. Keep checking  where we highlight the latest movies and TV shows we have available. ^SU
1080292,326451,True,@AmazonHelp Have you got any advice for me?,1080293,1080290,1080298,@326451 We're unable to access account info via twitter. Please contact us directly to look into this:  ^JF
1149668,390538,True,Thanks to @116618 @22323 For giving us a sustainable Indian Fictional universe from @390539 webseries is awwsome,1149667,,1149668,"@390538 We're glad you loved it, Please stay tuned for more exiting shows and movies. ^KS"
1020067,361370,True,@115850 I ordered something now I cancelled it bt it has already display n pickup N delivery dates r same.wat shall I do? Help me!,1020066,,1020067,@361370 I understand you are concerned regarding the cancellation of your order. Please connect with our support team here :  and we'll help you with this. ^AS
103080,138669,True,@AmazonHelp my friend has had money taken out of her bank and she hasn't bought anything and isn't signed up for anything @138670,103078,,103080,"@138669 Hey Tegan! I'm sorry to hear this. Without revealing any account information can you advise how much the charge was and what the charge has come under? For example, Amazon Prime, UK marketplace etc. Let me know! 

- Jenna C."
1105549,380891,True,Not sure why @115821 offers next day delivery when it never comes next Fuck in day,1105548,,1105549,@380891 Sorry for the poor experience. Have we missed the delivery date from your confirmation e-mail:  ^EB
1081743,375172,True,@115850  still Issue with you amazon delivery became to late more than two days am ordering product for me not for your hub,"1081742,1081744",,1081743,@375172 Sorry for the delay in delivery of your order. (1/2) ^HD
1043560,366777,True,"@116928 Trying to claim refund for the government funded bank of books, ,( banco de llibres) please advise",1043558,,1043560,"@366777 What information do you need from us, Katie? ^AR"
1080314,374854,True,"@AmazonHelp Hab schon telefoniert, weil es die 4. Ersatzlieferung war, kann kein Ersatz mehr rausgehen. Soll erstmal 24 Stunden warten (und mich beruhigen).","1080313,1080315",1080316,1080317,@374854 1/2 😳Das Ding mit den 24 Stunden versteh ich nicht. Ich hätte dir jetzt einfach eine Rückgabe gegen Erstattung und
1096776,378810,True,When you can't wait to open your packages (God bless @115821 #Prime #instantgratification) but the cat has other ideas,1096774,,1096776,@378810 Isn't this the cutest kitty! ^EP
1007726,358465,True,Care to explain @115830? Ruining birthdays is NOT cool,1007724,,1007726,"@358465 Truly sorry that we've missed our mark! Please, let us know if it doesn't arrive by the updated delivery date. ^JE"
1018067,360885,True,The best @115821 deliveries are the ones you forgot you ordered,1018066,,1018067,@360885 It's like a holiday in itself! 😁 ^HC
1103677,380443,True,"@228164 @115850  buying amazon email gift card n paying thru indusind amex card, bank approves d transaction yet order cancelled.",1103675,,1103677,"@380443 Sorry, for the disappointment. An email is followed with a reason for order cancellation, please check your inbox. ^KA"
1003702,313372,True,Why there is moto c plus in mobile exchange list @AmazonHelp,1003700,,1003702,"@313372 I'm unable to comprehend your concern, Could you please elaborate this? ^VR"
1064799,160647,True,"@117804 ""O Retrato de Dorian Gray"". Sempre me impressionou pela contemporaneidade.",1334982,1064798,1064798,@160647 É realmente muito bom! Já assistiu o filme? ❤ ^DA
1117737,172901,True,@AmazonHelp Does Amazon offer discount for hosting/cloud services for Prime Member?,1117736,,1117737,"@172901 Hi there, here's a list of all the benefits you receive as a Prime member:  ^DW"
1115312,382179,True,"@115850 Did 5th purchase this month, had worst experience.
Delivry guy reluctant to drive bike fr 1km more, had to go 1km fr my package.",1115311,,1115312,@382179 We have responded to you here:  Kindly check. ^MP
1082936,142724,True,@AmazonHelp I've tried on your app and also on safari but on a iPhone,1082938,1082935,1082937,@142724 Oh no! Have you tried logging out of the app and then logging back in to see if it fixes the problem? Let us know! ^TG
1064866,371412,True,"The most painful thing about my broken/cracked devices is that I'm not the one doing the damage to them. My laptop, my Kindle &amp; now, phone.",1064865,,1064866,@371412 Hi. That doesn't sound good! Is there something we can do to help? ^DC
1005098,142281,True,@AmazonHelp Hey sorry but the link didn't work for me,1005100,1005097,1005099,"@142281 Just to clarify, did someone you know send you the gift or was it sent from a seller? ^GL"
1031551,364086,True,"@AmazonHelp There is no drop down as such. However,on delivery feedback,I have left a comment.
Hope to get this checked at your end and be given a call.",1031552,1031550,1031549,@364086 I get your concern. Please connect with our team using the link shared above and we'll definitely look into it. ^PS
1089822,377115,True,"Fraud activities running in Amazon India, Order no (402-6141121-0449110).  Order was virtually delivered, @53379 , @115850 , @115821","1089821,1089823,1089824,1089825",,1089822,"@377115 I'm sorry about the trouble with the delivery. We'd like to help, kindly connect with us here:  1/2"
1015598,360294,True,@AmazonHelp @115850 this is highly disappointing that such a big company is responding me in such a amateur way for an intolerable and upsetting issue,1015600,1015597,1015599,@360294 I understand your concern. Kindly connect with us via the above link and we'll investigate. ^SU
1037243,365373,True,"A VER @116928 PARAD, MI CARTERA OS LO PIDE DE RODILLAS",1037241,,1037243,"@365373 Kalevala, solo deseamos hacerte feliz 🙈. ^AZ"
1151749,374857,True,@AmazonHelp I was facing this issue on my old phone and now on my new phone too...,1151748,1151750,1151751,@374857 Could you confirm if both the devices belong to same manufacturer? ^HD
1121810,384608,True,"@137341  Hi I forgot my kindle password/pin and not able to logon to the device, need your help.",1121807,,1121810,@384608 Please contact our support team here:  &amp; we'll help you with your concern right away.^SF
1007020,358300,True,@119625 how can I pitch my idea to you for web series and what is the procedure?,1007019,,1007020,"@358300 I get your concern, Aashray. Please reach us from here:  we'll check and help you further. ^SV"
1043697,366798,True,@AmazonHelp @115821 @115850 How much more time you need? Its not out for delivery yet?,1043698,1043696,1043727,@366798 Our team is working on your concern. We'll reach out to you shortly. ^GK
1124526,368025,True,@AmazonHelp I have shared my order details many times with Amazon and your system is showing two types of payment mode bt i have done only one,1124531,1124521,1124530,"@368025 The resolution provided is the best we can offer, we won't be able to provide any more insight regarding the issue. ^SC"
1019292,361183,True,Is anyone else having problems with @116618?,1019290,,1019292,@361183 We'd like to help. Will you tell us more about your issue? What device are you using? ^CL
1005157,181482,True,@AmazonHelp @115850 While exchanging the phone what things need to be given? Do I need to return the box of the phone also?,1005155,,1005157,@181482 You would need to return the device and it's accessories but the phone box can be optional. ^AB
1060469,370380,True,Does @115821 sell the bluray/cd set or just the cd for the new @46152 concert? They dont know!!,1060468,,1060469,"@370380 Hey, just checked on both Amazon .com and .ca and we don't I'm afraid. ^TP"
1167714,198930,True,@AmazonHelp @AmazonHelp It's not showing any status...,1167716,1167713,1167715,@198930 That's odd. Please reach out to us here so we can look into this further:  ^BH
1137840,344472,True,Nevermind. @115821 failed to deliver. How hard is it to deliver to an apartment?,1137838,,1137840,@344472 I'm sorry for the trouble. What does tracking say who the carrier is?  ^MH
1053484,368927,True,@116875 Siiii..fue regalo y le encanto...mil gracias,1053482,1053485,1053485,"@368927 Aww, nos alegra muchísimo saberlo. 😄💕 Ese siempre es nuestro objetivo. 😉📦 ^KS"
1115811,300306,True,"@116618 Whenever I try to  forward, or play with the timeline, the audio video gets out of sync. Any solution for this ?",1115808,,1115811,@300306 Currently which device are you using to browse it? Have you tried the same on an alternative device? ^RW
1085127,375963,True,@AmazonHelp Care to check on the problem? Why does the problem exist in the first place?,"1085129,1085130",1085125,1085128,"@375963 I'm so sorry about the account issues you're having, Rimo. We are unable to access your account over Twitter. (1/2) ^DG"
1119124,119350,True,@AmazonHelp I didn't any link . It just said if you want to cancel it,1119125,1119122,1119113,@119350 I'm sorry about that. Please fill this form:  and I’ll contact you at the earliest. ^NK
1114946,383106,True,@AmazonHelp @115850 #Amazon Hour 1 completed of proposed pickup for return. Nothing happening. Are you guy's on track?,"1114947,1114948",1114941,1114940,@383106 We have your sent details and working on it . We shall reach out at the earliest. Thanks for all the cooperation. ^CB
1034740,185471,True,"@AmazonHelp I ordered Samsung On 5 pro but as quality is not up to the mark I want to change it with On 7 pro,, but hell lot of excuses from your team","1034741,1034739",1034742,1034743,@185471 For more information please refer to the terms and condition for return here:  (2/2) ^SY
1002197,357233,True,@115821 where is my package? Last time you deliver to my neighbors and this time it's no where. :'(,1002196,,1002197,"@357233 Terribly sorry for the frustration, Ahsan! What's the updated tracking information state here:"
1133067,386992,True,@115830 Preordered Destiny 2 over a month ago and it hasn't arrived yet. Great job guys!,1133065,,1133067,@386992 Hi. What was the estimated delivery date given at the time the order was placed? ^DC
1018194,354685,True,@AmazonHelp You are all bad i cancle my order #amazonina #bestsellamazon #badamazon,1018196,1018193,1018199,@354685 We'd like to help.  Please share your details using the link here:  and we'll reach out to you. ^VN
1135927,387610,True,"@115830 Hi, I sent back goods with the option to replace last week but got email today saying I was getting refund instead,is this normal?",1135926,,1135927,"@387610 Hey, yes some items aren't sold directly by Amazon and will be automatically refunded when the return is received. ^RS"
1153300,297320,True,"@AmazonHelp I ordered ds, bt as per Trackin hist, order stil waitin 2 b placed till Oct 31st in USA!! So late n funny it's @115821  choice!!","1153299,1153301",,1153300,@297320 Please let us know if you do not receive your order by the time frame we promised at checkout! ^JZ
1057955,369792,True,@AmazonHelp Nope. i called customer service late on delivery day and was told OnTrac would let me know that evening re: where the package was. i never got a call or a revised delivery estimate.,1057956,1057954,1057953,@369792 Thanks for confirming. Late packages typically show up the next day. When was the original delivery date? ^BH
109996,140012,True,@117804 Faz anos que eu quero ummmm!!!,704315,109995,109995,@140012 Oi Mitcheia! Eu posso te recomendar. Você vai adorar! 😍 ^JJ
1075278,354052,True,@AmazonHelp Utter disappointed with your customer support..my bad..I chose to be your loyal customer..taught me a lesson,"1075280,1075281",1075276,1075254,@354052 I realize this experience hasn't been as positive as you'd hoped. I've noted your comments and (1/2) ^SY
1035102,364852,True,Amazon is letting me down. I've ordered so much stuff and it won't give me a delivery date.,1035101,,1035102,"@364852 Hello, I am sorry to hear this. Are the items you are ordering being sold directly by Amazon or a third party? ^CR"
1094256,378269,True,@115850 I'd rather break my head against the wall than speak to your customer service agent. Amazon getting it all wrong! (1/2),"1094255,1094257",,1094256,"@378269 Sorry for the inconvenience you're having with the returns, we certainly did not expect this to happen. 1/2 ^PS"
1053537,368933,True,"@115830 working your miracles again! 3 weeks early, my new iPad smart cover works a treat, and dad loves the @76105 book i ordered",1053536,,1053537,"@368933 Hooray! 🎉🎉💃🏻 Glad it all worked out, Taylor! 😁 ^AB"
1172502,395786,True,@AmazonHelp It was in wrong building. New mailman here sucks. Happens to frequent.,1172504,1172501,1172506,@395786 Thanks for the update! I'm glad we were able to locate your package. Let us know if you have any other questions or concerns. ^AL
1117713,383727,True,"@AmazonHelp YEAH BRO BUT I NEED YOU TO SOLVE THIS PLEASE JUST DELIVER IT
THANKS",1117715,1117712,1117718,@383727 We're unable to view accounts on Twitter. Can you please verify the carrier for your shipment:  ^BE
1165643,394178,True,@AmazonHelp Does that mean amazon does not keep eye on the sellers? It the responsibility of @115850 to check the mrp and the sp.,1165645,1165642,1165644,@394178 I'd be sure to make a note of your comments and pass it along to the concerned team internally for review. ^MA
1165336,394105,True,@119625 #LaakhonMeinEk Is this currently in India only? Not able to watch in USA. :(,1165334,,1165336,@394105 I'm afraid certain titles are geographically restricted. ^HA
1073776,373355,True,"@115850. This is what we called as service to prime customer, though initiated replacement.. Expecting a better and new product..","1073774,1073777",,1073776,"@373355 I'm sorry about this experience. I will have this feedback forwarded to the concerned team internally. Also, please 1/2 ^MK"
1027467,363131,True,@115821 prob buying  something with Master Card Gift card.  phoned # and got the email but not happy with answer. Anyway to help?,1027465,,1027467,@363131 We'd like to help in any way we can! Do you mind telling us what's going on? No account specific information please. ^NM
1058854,369989,True,@AmazonHelp @115850 there was no phone call as claimed. #Lies are not appreciated!,1058857,1058853,1058856,@369989 Apologies. I’d like to help you; please share your details:  and I’ll contact you soon. ^VR
1106534,381148,True,@AmazonHelp Spoke to Tee TWICE (he tried) your driver was completely inept. Was just a mile up road within window &amp; turned around. Refridge items done!,1106536,1106533,1106535,"@381148 When you called, were we able to provide any further options/information? ^BH"
105227,139239,True,"@AmazonHelp I'm afraid too, because as referred earlier I won't be here .... For a month, would be returning to Ranchi around in January",105228,105226,105235,"@139239 I get your concern regarding the return pick up, Rahul. We'd like to have this checked. May I know if you've reached out to our support team through the link provided earlier? ^EM"
1126686,385654,True,@AmazonHelp I tried to get the preview of an Ebook and was instead charged $90 for the entire book. Help!,1126685,,1126686,@385654 Oh my! We're unable to view your account via Twitter but would like to help! Please contact us:  ^AB
1103562,380422,True,"@115850  same product price difference, then why you are taking money in name of prime customer service @118702 too good in price","1103560,1103568,1103569",,1103562,"@380422 As an online marketplace, the prices on our website are determined by our sellers. ^AK (1/2)"
1114959,383106,True,@AmazonHelp @115850 #Amazon Hour 3 of the 3rd pickup exhausted. Nothing happened. Any body say what's wrong here? Worst service Amazon,1114960,1114958,1114940,@383106 Apologies for the unusual trouble with the pick-up. Kindly respond to the latest email you received from us and we'll help. ^MA
109935,140402,True,@AmazonHelp y u guys cancelled my order 407-0880525-1284313 without any intimation.,109934,,109935,"@140402 Please don't provide your order details, we consider it to be personal information. Our page is visible to the public. 2/2 ^HS"
1072546,373089,True,@AmazonHelp I was promised a refund of bank fees and 4 purchases from 10/14. The refund was promised to be in my account on 10/20,1072549,1072545,1072548,@373089 I'm sorry you haven't received the refund yet! Please reach out to us here:  so we can check into this. ^AH
1108727,381661,True,"@115825 
Warum gibt es bei euch so wenige uhd filme zu streamen? Nehmt euch mal ein beispiel an apple",1108725,,1108727,"@381661 Andreas, was vermisst du denn zum Beispiel? Wünsche nehmen wir gern auf 🙂Gruß ^DS"
1103608,306985,True,@AmazonHelp a rep from @115821 contacted me and said it got lost in transit. why would it say #delivered? #Amazon,1103610,1103607,1103609,"@306985 Sometimes, packages may be scanned as delivered while still in transit. Was the rep you spoke with able to resolve the issue? ^JS"
1035123,364856,True,I did not receive cashback of1500 INR on using SBI card for buying OnePlus 5 device on Amazon. @115850 @AmazonHelp @115821 . Bad service.,"1035121,1035124",,1035123,@364856 Sorry for the hassle. Please report this to our support team here:  and we'll check this. ^HN
1029672,162540,True,@AmazonHelp This is pathetic by #Amazon refund my money so i can buy new device. Refund today instead of delaying. Its more thn 14 days.,1029671,1029673,1029686,@162540 Sorry for the trouble with the refund. We'd like to help. Kindly reply to the email sent by us and we'll get in touch soon. ^AK
1133476,387080,True,So what's the benefit for prime membership?,"1133474,1133477",,1133476,"@387080 Delivery times are based on multiple factors which includes availability of the item and the location, Vivek. ^KS 1/2"
1089839,377118,True,1 more strike 4 @115821 prime &amp; I'm done. Another late delivery &amp; driver claimed my door inaccessible...I live in typical Chicago 3-flat.,1089836,,1089839,"@377118 I'm so sorry for the poor experience. Does your apartment have an access code, or key entry?  ^AG"
1053490,368928,True,@AmazonHelp Tried placing an order on amazon.fr and amazon.es for snes classic. Order cancelled and accounts closed. Multiple times.,1053487,1053502,1053503,"@368928 Have you received an email explaining why your account has been closed  please ?
^KE"
105024,139203,True,"@115821 Hey... could you please not offer same day delivery if you're not able to, you know, deliver?",105022,105025,105025,@139203 Oh no! I'm sorry for the frustration! Can you give us more details on what's happening with your order? We'd like to help if we can! ^AJ
1155149,391743,True,@115830 This is shockingly bad. Amazon prime at its worst. Now we have to mess around because Amazon failed on so many levels. Not right.,1155147,,1155149,@391743 I'm sorry for the trouble! This isn't the expectations we've set. Please reach out to us here:  ^AC
1073280,373253,True,"@115821 Help pls 1) item arrived damaged 2) No confirmatory email from amazon 3) No details on amazon acct! Looks fishey, I need to DM photo",1073278,,1073280,@373253 Thanks for reaching out. Are you signed in to the account that ordered the item:  ^GG
1026157,362797,True,@AmazonHelp My order was not delivered. Apart from that wrong information was updated that no one was there to accept it.,1026159,1026156,1026158,"@362797 That's odd, please connect with us here:  ^SK"
1003685,357566,True,"Amazon delivery of ear defenders - yay!
Amazon driver's arrival startling napping Nathan so badly he screeches like a pteradactyl - boooo!",1003684,,1003685,"@357566 Oh, I'm so sorry! Please phone us here:  to report this. Hope Nathan goes back to sleep! ^LB"
1087751,376595,True,"@AmazonHelp Yes, both times some of the K-Cups inside have been squished to the point of leaking their contents.",1087753,1087750,1087752,@376595 Thanks for confirming! Please contact us directly so we can help fix this:  We want to make this right! ^SD
1000125,356781,True,@119625 Please upload south movies in hindi audio,1000124,,1000125,"@356781 I understand your concern, Nehal. I'll pass along your feedback to the team concerned for review. ^HD"
1149678,390541,True,@AmazonHelp OK gracias por su ayuda.,1149679,1149677,1149674,@390541 Con mucho gusto. Estamos para ayudarte siempre que lo necesites. ^HC
1104313,380606,True,"@118919 @115850
My frnd ordered MotoG5 but U gave him old broken mob with Rin Soap bars.Diwali offer char raha hai kya? @380607","1104311,1104323",,1104313,"@380606 That's odd! Apologies for the trouble, may I know if your friend has reported this to our support team? ^EM"
1030185,363740,True,@137341 Hi. My kindle has hung on the Screensaver &amp; doesn't open. Please help. Thank you,"1030184,1030186",,1030185,@363740 Sorry about the trouble with your Kindle. Kindly report this our Kindle support team here: 1/2 ^EM
1125053,385283,True,"@115821 @14835 ""is there anything else I can assist you with?"" is a terrible way to end a customer service call, especially when you haven't solved/helped with the problem I called in with.",1125051,,1125053,"@385283 I'm sorry to hear this. Without posting personal or account information, can you tell us more about the issue you called in about? ^LI"
1176244,396692,True,@AmazonHelp Also thank you for helping. Sorry about the pissy post.,1176247,1176243,1176246,@396692 Who was the carrier listed for this order? You can find this information via the link:  ^WM
1046122,367173,True,@AmazonHelp Now customer care guys are saying that they cannot do anything. I want to send emails to amit agarwal. plese provide me the same.,1046124,1046120,1046123,@367173 That's odd. We'd like to look into it. Kindly share your details here:  and we'll get back to you. ^AP
1041708,366368,True,"@116875 Amazon, no me llega mi producto, la entrega era para hoy. Muero de ansia.",1041776,1041703,1041703,"@366368 Hola, Greg. ¿Cuál es el estado del pedido en la sección ""Mis Pedidos""? ^JQ"
1105749,380950,True,@AmazonHelp Placed order at 9:18am IST. How were order details shared at 7:10am?,"1105751,1105752",1105748,1105750,@380950 Orders are shipped keeping the estimates in mind. Kindly wait until the mentioned time frame for the delivery of the order. ^AK
1125008,385275,True,"@115821 just got a reply saying they are escalating the problem with the transport department, another 2 days wait. Funny that the lady on sun was escalating or so were the 2 men I spoke to wednesday and friday. Yet still you advertise and sell Xbox as PRIME.",1125007,,1125008,@385275 Did we advise that we will contact you once we have an update ? ^TD
1100964,379755,True,@115850 Trying to order a mobile in the app. But the item is not deliverable to pincode 586203. Emailed your team and not satisfied.,1100962,,1100964,"@379755 Sorry for any disappointment, could you tell me what was the update shared with you ? ^HT"
1058195,369847,True,#Amazophobia a phenomenon where something is either on the way or being delivered today from @115850 #amazonprime  #AmazonIndia,1058194,,1058195,@369847 😄 I guess! Happiness is on the way to be delivered. Have a great day! ^KA
105264,139245,True,@AmazonHelp Better attach the pic....,"105261,105265",105266,105270,@139245 I'm so sorry for the continued issues! What is the current status of your order here:   ^WT
1033211,364448,True,@AmazonHelp I sent a message &amp; it says I'll hear back within 12hrs. I don't have time for this. I'm done with Amazon. Goodnight.,1033212,1033210,1033209,@364448 Please keep us posted Carol. We do not have the ability to access your account here. ^TP
1095301,378471,True,Hey @119625 how do people in U.S watch #ArjunReddy? Please don't say we can't ..,"1095299,1095303,1095304",,1095301,"@378471 I'm sorry, the selection of movies and TV shows may vary based on your location. Due to geographical limitations, ^AK (1/3)"
1142012,182232,True,"Seems @115821 @AmazonHelp are up to their old tricks - this time buy through their global store and you have no rights,they say.",1142009,,1142012,@182232 We'd like to help! Without adding personal/account information can you tell us more about what happened? ^ME
1043671,366798,True,"@AmazonHelp @115821 @115850 What do i do with your understanding. I have not received my product. By forwarding feedback, will I be receiving my prdct",1043672,1043669,1043727,@366798 We're following up with your concern here:  Kindly refer. ^VN
1096660,278558,True,"@AmazonHelp They don't care about the customers, their policy is just to cheat customers. Guys please don't shop from amazon","1096662,1096663",1096659,1096651,"@278558 Apologies for the unpleasant experience, Ashish. We'd like to help you out. Could you confirm if you've filled the 1/2^AP"
1108799,297351,True,@AmazonHelp How do you charge shipping charges for COD customer if he hasn't self shipped it,1108800,1108796,1108795,@297351 Please contact us from the link given earlier and we'll be sure to help you. ^ZH
1075267,354052,True,@AmazonHelp This is heartbreaking guys! I have been replying to all ur mails! (1/2),1075269,1075265,1075254,@354052 I understand the disappointment. We'll recheck the details and get back to you. ^SU
1157261,202707,True,The @116439 has to be one of the worst streaming devices on the market.  #alwaysfails #wasteofmoney,1157259,,1157261,@202707 I'm sorry for the poor experience! Are you seeing an error screen? What seems to be the problem? ^WT
1090503,377293,True,@AmazonHelp hi I bought something the other day and it says it was delivered but I never got the item,1090502,,1090503,@377293 I'm sorry to hear you didn't receive your order. Please contact us directly to explore options here:  ^JF
1142010,182232,True,"@AmazonHelp 2/2 Now he's""waiting for his supervisor. I'm used tot his old trick from Amazon. Make me wait...then 'lose line'...",1142013,1142009,1142012,@182232 I'm sorry for the trouble! What does the order say who the carrier was? That info can be found here:  ^MH
1085371,376028,True,Really @115821 @AmazonHelp ? So where is it?! Who is going to compensate my Saturday?!,"1085372,1085370",,1085371,@376028 I'm sorry for the frustration! Our team would like to make sure this is escalated for you here:  ^JR
1155326,242587,True,@115850 there were so many contest but never heard of the names of the winners. are these contest real or are u just fooling around?,1160490,1155325,1155325,@242587 The contests by amazon are 100% genuine and winners of the contest are announced at end of the contest on our twitter page.^PJ
1118604,383921,True,"@AmazonHelp There was so much hassle in cash on delivery, once you take pre paid money, god knows how long I will have to struggle to get product!",1118606,1118603,1118575,"@383921 I get you being disappointed, Anchit. Request you to respond to the correspondence that was sent to you further assistance.1/2^NK"
1098571,379237,True,@AmazonHelp As of now it says delivery date pending,1098573,1098570,1098572,@379237 Were you given any reason for the delay? ^KM
1131306,322303,True,"@AmazonHelp I want resolution not updates, i have 'n' number of updates on e-mail which guys dont have guts to put on twitter to avoid getting exposed",1131317,1131302,1131318,@322303 We understand this has been a bit lengthy. We'll ensure to resolve the same at the earliest. ^CB
1115203,383159,True,My new Kindle Fire (2/3 weeks old) won't connect to the internet(wifi or cellular hotspot). @117634 any ideas to fix?,1115201,,1115203,"@383159 Hi, sorry about that! Have you tried restarting it? ^AT"
1024251,362396,True,@115850 found a bug (might be a feature :P) in amazon pay which has crept in production :P,"1024250,1024252",,1024251,@362396 That's a fun way to put it. Could you let us know what went wrong? ^MA
1090511,375099,True,@115850 @120543 i prhse item frm Amazon but every time u sent thru Indiapost which get rtnd bcoz gr8 servce.,1090510,,1090511,"@375099 We'd like to know what went wrong, please contact us here:  and we'll help you with this. ^SQ"
1155449,391811,True,i placed an amazon order almost two months ago that i never received but still got charged help @115821 @AmazonHelp,1155447,,1155449,@391811 I'm sorry for the trouble! Which site did you use to order? Was it  .co.uk or another? Let us know! ^TG
1148697,390327,True,"@115850 #WORST CUSTOMER SERVICE I HAVE EVER SEEN, RAISED ISSUE NEARLY 50 DAYS BACK TILL NOW 0% PROGRESS.",1148694,,1148697,@390327 That's quiet a remark. May I know what went wrong so we can assist accordingly ? ^SK
1016696,360552,True,"@AmazonHelp disappoint by ur service.rqst to pickup n whole day hv passed, no response from amazon.what kind of service is this?.",1016695,,1016696,@360552 Sorry for the hassle. Please report this to our support team here:  and we'll check this. ^HN
1066703,371732,True,@117634 Why do we buy such a kindle which cannot be serviced or repaired.,1066702,,1066703,@371732 We've responded to your query here: ^HA
1157222,312149,True,"@115850 If I done 3 transaction of 500 each with amazonpay balance will I get cashback on 1St or on both 3 (50 on each) 
please clear this issue",1163735,1157220,1157220,"@312149 As per the terms and conditions, you will receive a cashback on only the first transaction, Rajat. ^KS"
1105604,380182,True,"Worst @115821 packing job I've ever seen. 20""x20"" photograph shipped in a plastic bag in a huge box with no protection. Crumpled to Hell.",1105603,,1105604,@380182  Please reach out to us here to leave packaging feedback and look over available options:  ^BE
1031730,279572,True,I love the convenience of @117093 but this is the 5 week in a row I'm having to email about getting rotten food.,1031729,,1031730,@279572 I'm so sorry this has happened! Please get in touch by phone here:  so we can address this matter. ^AH
1085177,375973,True,@AmazonHelp Orders to my biz address are hit&amp;miss.Current order supposed to deliver on the 18th for a weekend project says Now expected Oct 20-Oct 24.,1085179,1085176,1085178,@375973 What does the latest tracking indicate on your order? You can check this here:  ^VB
1087634,376578,True,@AmazonHelp This is the commitment /correspondnse. I asked delivery should not attempt and you sent me this -,"1087633,1087635",1087636,1087645,@376578 If the product is out for delivery we would be sending a request to our shipping teams for stop and return. (1/2) ^VM
1603880,162540,True,@AmazonHelp This is a contact us page link.,1603882,1029685,1029686,"@162540 Yes, please contact our support team and we'll assist you accordingly. ^SU"
1043647,366797,True,@116928 como se puede contactar con Amazon Logistics para resolver una entrega que no han hecho?,1043646,,1043647,@366797 Nuestro equipo de Servicio al cliente te ayuda con esto:  ^AR
1097259,378928,True,@AmazonHelp @115850 @115821 @115830 i am still didn't got my answer,1097260,1097257,1097252,@378928 Suggest you to wait. The concerned team will connect with you. ^SG
1073726,371737,True,@AmazonHelp Yes order was placed on amazon.in and order no is 408-9230945-5135569 dt. 17/10/2017,"1073724,1073729",1073730,1073731,"@371737 I'm sorry about the trouble with the order. We'd like to help, kindly connect with us here:  1/2 ^MA"
1029678,162540,True,@AmazonHelp Pls check there is no tweet with link.,1029677,1029679,1029686,@162540 Allow us to take a closer look into this. Kindly share your details here:  ^MP
1047947,367689,True,@115850 You misplaced my order stupid people ? Very poor service by you..Shame on you..Idiots..,1047946,,1047947,@367689 Sorry for the trouble with your order. Could you please elaborate on your concern? We'd like to look into it. ^HD
1033071,364423,True,"@AmazonHelp Yesterday, after see that the product is wrong and that it is also defective. Amazon get all info. needed. I sent almost a report to you.",1033072,1033070,1033067,"@364423 Thank you for this information. For the fastest resolution, please choose ""phone"" or ""chat"" when using ^GL's link, above. ^JR"
1058799,369977,True,@115850 received an empty parcel. Order# 408-9291638-4769149,"1058798,1058800",,1058799,@369977 Sorry to know about the empty box. Have you reported this to our support team&gt; You can do so here:  ^MS
108168,140012,True,@AmazonHelp Estou bem inclinada a fazer isso!,108167,108169,108170,"@140012 Que legal Mitcheia! 👏😍 E nós conte, qual será o primeiro e-book que você vai ler no seu novo Kindle?📚"
1098668,379255,True,@115850 I didn't got the refund even after 2 weeks of return pickup.,"1098665,1098670",,1098668,@379255 Sorry for the delay in refund. Have you happened to report this to our support team here:  (1/2) ^ST
1035542,364942,True,"Hey @115821 how does this work... All prime, all 2 day shipping... Arriving between 2-4days after placing.",1035540,,1035542,"@364942 Hey there! Two-Day Shipping refers to transit time and does not include processing time, weekends or holidays. ^NM"
1091315,377485,True,Whats the point of getting 2 day shipping if its not gonna get here till next fuckin week?!?!?! WTF @115821,1091313,,1091315,"@377485 I apologize for the frustration, Ruben! What was the original delivery date provided at checkout/in your e-mail? ^FD"
1089232,376968,True,@AmazonHelp This filter is not consistent. Try Bra or Lingerie for instance. Size is not part of the filters. It worked for men's shorts though. Tried it on the web using mobile phone.,1089233,1089231,1089230,"@376968 I understand your concern, I've noted your comments and have forwarded your feedback internally. ^BA"
1173026,359872,True,"Yes. I'm having major issues.Two packages were stolen from my porch this morning and I am mad as hell! 
$600 worth of scientific instruments",1173025,,1173026,@359872 I see from your earlier posts that we're currently investigating the issue. Please keep us posted when you hear back. ^GR
1020074,361372,True,"I wake up to my @116090 account being hacked, but no purchase being made yet.

Little did the hacker know, I was able to sign into my account via the mobile app with touch ID to remove my credit card.

Out-Played.",1020072,,1020074,"@361372 Hi Max, sorry to hear that. Have you reported this to us here:  ^JJ"
114364,141423,True,"@AmazonHelp 206-9965164-0181122 our previous incubator ordered from you failed so we ordered another because prime should have got it to us on time, for the 4th time you ""couldn't find us"" and now the hatchlings are now DEAD! Profit may be important but LIFE is more so!",114362,114365,114366,"@141423 I certainly understand your frustration! When you have the time, please ring us here:  so we can look into what's going on. ^HC"
1021037,361610,True,@AmazonHelp Ahhh it's been delivered now. Late but better than never. Though I don't know why it said failed to deliver.,1021038,1021034,1021039,@361610 Thanks for letting us know your order made it to you! ^VS
1038875,365802,True,@AmazonHelp I purchased Nokia 6 on 23 September but I received damaged item hence I returned it since flash sale is going on hence no replace option,1038877,1038874,1038876,@365802 Apologies for the ordeal. Please share your details here:  We'll sort this for you. ^VN
1113860,382878,True,@115850 @AmazonHelp unable to delete card via Manage Payment Methods page. Is the issue brought to notice already? #CardManagement #Amazon,1113859,,1113860,"@382878 Thanks for bringing this to our notice, I have forwarded this to our internal teams and we'll sort this out quickly. ^AH"
1173857,396100,True,"@AmazonHelp having problems with my Amazon Video, keeps buffering, any advice ?",1173855,,1173857,@396100 I'm sorry to hear about the streaming issues. What device are you watching your Amazon Video on? ^JF
1168756,209594,True,"@AmazonHelp Hi, my Dot is setup, just trying to setup Amazon music unlimited so I can stream music through myDot onto my Sonos. Keep getting this screen",1168758,1168755,1168757,"@209594 Thanks for sharing this with us! Have you tried using different browsers? If so, are you still seeing the same error message? ^KJ"
1106547,381152,True,@141808 Already got my 4K physical copy last week. Thanks @115821!,1106546,1106548,1106548,"@381152 I'm glad to hear you've received your copy, Kareem! Let us know how you enjoy it! 😁 ^SD"
1007745,358469,True,@AmazonHelp Samsung smart TV through a humax box. WiFi router from virgin,1007747,1007744,1007746,@358469 Have you tried restarting both your device and network to refresh the connection? ^DO
1005969,358096,True,"@115821 @AmazonHelp u r terrible, 2 defective items in an order. U can only replace one. Amazon representatives very impolite,makes fun o me",1005967,,1005969,"@358096 I'm sorry for the poor experience! When you spoke with us, did we provide any info on why we cannot send a replacement?^WT"
1170033,395201,True,"@AmazonHelp It doesn't let you add more than one to your cart, at least it didn't up to yesterday, so it really doesn't matter that there are 9 promos.",1170034,1170032,1170022,@395201 I understand your frustration. Be assured that we are looking into this. Please check the website periodically for updates. ^SE
1049378,368019,True,"@AmazonHelp Hello, I live in Jersey &amp; receive phusical items VAT -Free but my kindle purchases still include VAT. Can i get a refund, please",1049377,,1049378,@368019 Please reach out to us here:  and we can look into it. ^PK
1070002,372481,True,@AmazonHelp The link takes me to login to amazon.in account. The CS exec there has already asked me to contact @115821  for resolution,1070004,1070001,1070003,"@372481 Himanshu, you can 'skip sign-in' and share the details. We'll get this sorted out once the details are with us. ^MS"
1157977,392401,True,"amazon india
ordered attached product but received only one packet .","1157976,1157978",,1157977,"@392401 That is unusual, Vinod. Please reach out to us via:  and we will have this checked. ^KS 1/2"
1006015,357024,True,@AmazonHelp Just connected with Nivedita. She assured me for a resolution as soon as she will get this picked up. Never faced such issue in past. 1/2,"1006014,1006016",1006017,1006019,@357024 Thanks for letting us know you were assisted. I've noted your comments and will be sure to forward this ^MP(1/2)
1114883,383097,True,@AmazonHelp My order #407-6470948-1537113 is being returned to the seller without asking me and the local amazon officer is not replying.,"1114882,1114884",,1114883,@383097 Sorry to hear that. Kindly drop in your details here:  and we'll look into it. Please don’t [1/2]
1145014,389479,True,@115821 why is my package in the next state today when it was in my neighborhood yesterday? October 17 is not a two day delivery.,1145012,,1145014,@389479 I'm sorry for the delay. Have you checked the tracking on the USPS website to see if there is more info on the delay? ^JF
1001052,356992,True,"@AmazonHelp There u go i done that bt i am really nt happy with Amazon even if u replace d phn, u hv lost my trust. I wl nt buy phns from Amazon anymore",1001053,1001051,1001050,"@356992 I get your disappointment, Robin. Our team shall reach out to you soon. Appreciate your understanding. ^MP"
1151172,390897,True,@115850 just ordered an echo for me.. So when does my prime membership gets activated.. Now or after delivery,1151170,,1151172,@390897 Great!! The prime membership will be activated once the product gets dispatched. ^GD
1141485,388694,True,@AmazonHelp I know you won't be replying there so try to help here(if you can) and deliver my product.,1141486,1141484,1141482,"@388694 This being a public platform, we wouldn't be able to check order details, please share them using the link provided. ^GS"
1059620,370189,True,@115850 @AmazonHelp worst customer care service which is not able to solve problems of customer instead focus on order cancellation,"1059618,1059628",,1059620,@370189 Sorry about the unpleasant experience. I would like to work on the issue right away. 1/2 ^OS
1610881,332320,True,@AmazonHelp @115850 @115850 playing with customers' money wishing #DiwaliMubarak. Not getting proper responses but only the canned ones. #frustrated,"1610884,1610885",1610880,1172677,"@332320 I get your disappointment, please reply to the email sent by our team with your insight for further assistance. ^PR"
1175594,142382,True,Where can I watch Outlander? @116618 @131996  @116602 @396538 @396539,1175592,,1175594,@142382 You can find all 3 seasons here:  ^AF
1113146,382708,True,@115821 What @115821 no customer listening system? I am livid.,1113143,1113153,1113153,"@382708 I'm sorry for the trouble! We'd like to help. When you reported these experiences to us, what options did we provide?  ^GM"
1152704,773062,True,@119625 Kindly upload Jaya janaki nayaka full movie,2763541,1152697,1152697,@773062 We will continue to add new content. Kindly stay tuned to  for updates. ^AP
1164590,393949,True,"@AmazonHelp She was told to contact the IT dept, but then they sent her back to customer service. She lost $300 in amazon gift cards credit.",1164587,1164595,1164596,@393949 Has your aunt received any e-mail correspondence from one of our Account Specialists? Let us know. ^JS
1127317,385785,True,"@AmazonHelp I ordered ""Logitech X100 Bluetooth Speaker"" from lightening deal at 1300rs and when it comes your delivery boy didn't wait for 5 minutes.","1127316,1127318",1127319,1127321,@385785 Apologies for the unpleasant experience. It's certainly not what we would like our customers to experience. 1/2 ^EM
1150900,390829,True,Oh @AmazonHelp I smell bull shit. I have never designated a Safe Place and it wouldn't be the stinky brown bin!,1150899,,1150900,@390829 I'm sorry for the troubles with your order! Please contact us by Phone/Chat:  &amp; we'll be glad to help! ^FR
1083836,338739,True,@AmazonHelp The delivery driver said his documents showed he should have had all 3 parcels but they were not all on the van.,"1083838,1083839",1083835,1083837,@338739 We'd like to have another chance to address this! You can reach us via chat too:  Keep us posted! ^KN
1003701,313372,True,@AmazonHelp I am trying to exchange my moto c plus but is is not in the list,1003703,1003700,1003702,"@313372 The exchange facility is available to limited products only, available options are already listed under exchange options. ^MJ"
1067683,371959,True,@AmazonHelp No one has called me yet.Is there some problem ?,1067684,1067682,1067688,@371959 We have responded to your query here:  Hope this helps. -Bikram
1028219,363324,True,@115821 I am trying to order air purifiers and you cannot ship them to any of my addresses or even explain why via your support.,1028215,,1028219,@363324 I'm so sorry for the disappointment. You can learn more about shipping restrictions here:  ^WJ
1110796,133527,True,@AmazonHelp is there any reason why my prime eligible shirts that I'm trying to order with 2-day shipping won't be delivered until 10/30,1110795,,1110796,@133527 What is the date shown on the product detail page? Are they showing available to ship right away? ^BH
1159303,344464,True,Lieferung nach hause garantiert Morgen aber in die Packstation irgendwann 27.10-2.11? Was ist los bei euch @116316,1159301,,1159303,@344464 Hier auf Twitter ohne Einblick in dein Kundenkonto schlecht zu beantworten. Melde dich bitte über  ^AS
1104576,380658,True,@AmazonHelp I checked the link before I wrote my question and the prices were  no different.  I'll check on my computer rather than phone. How long is 4,1104578,1104575,1104582,@380658 Please keep us posted and let us know if you can view the discounted prices on another device! We want to help! ^SD
11087,118091,True,"@AmazonHelp Continued buffering, loss of sound and it doesn't save where I leave off in programming.",11088,11086,11085,@118091 Oh no! We'd like to look into this in real time with you. Please reach us via phone here:  ^AB
101783,138295,True,"@AmazonHelp Den Chat gibt es gerade wohl nicht und das Telefonieren gestaltet sich momentan etwas schwierig, also hab ich es nachdem ich den Hinweis gelesen habe auch nicht weiter probiert.",101782,101784,101788,"@138295 Wenn du Zeit für ein kleines Telefonat hast, dann ruf uns doch einfach an. Wir sind bis 24:00 Uhr zu erreichen. Natürlich kannst du uns auch eine E-Mail schreiben. ^AM"
105068,139211,True,@AmazonHelp Delivery will be attempted again tomorrow. Who knows if attempt number 4 will be successful? Good job these are Christmas presents and not needed imminently.,105069,105067,105072,"@139211 I hate to hear about all this, Tom! We'd like to look into this with you. Please give us some details here:  and we will be in touch! ^MT"
1141939,388796,True,@AmazonHelp please can you advise how to formally complain? Your customer services are sending me round in circles. Thanks.,1141938,,1141939,@388796 I'm sorry to hear you had a poor experience. Without giving account or order details can you tell us what happened? ^AN
1076284,373966,True,I did not get any call from u @AmazonHelp then i got a mesaage ur order is cancelled..plz help..@115821,"1076283,1076285",,1076284,@373966 That's strange. Have you reported this to our support team here:  ^VR
1141481,388694,True,"@AmazonHelp Yes that too by 4 days.ORDER # 403-1855304-7621937
Please speed up the delivery process","1141483,1141484",1141480,1141482,@388694 We're sorry for the delay. Please share your details here:  and I'll personally help you. (1/2) ^ZH
1107280,169505,True,@115850 my order was supposed to arrive by 25th sep. Item not delivered yet. After so many calls now they say the item is lost.,1107279,,1107280,"@169505 We're sorry about your lost order, Rohit. In this case, I'd suggest you to place a fresh order and we'll get it to you. ^HT"
1130263,222424,True,"@AmazonHelp For the last 2 days my order has said ""shipping today""......but so far hasn't shipped out. Why hasn't it been shipped yet?",1130262,,1130263,@222424 I'm so sorry for the wait! What was the date of delivery given on check-out and order confirmation e-mail? ^MH
1024279,362196,True,@AmazonHelp Carrier as in UPS or FedEx? It was an Amazon delivery van.,1024280,1024278,1023448,@362196 I'd like a member of my team to look into this with you. Please give us more details here:  ^VB
1172679,332320,True,@115850 @AmazonHelp Hldng Cstmr's Money evn tho its ur own mstke nt once bt 100 tms. I wud share ol dtls pblcly 2 show d wrld hw u play wd ur policiz.,"1206007,1206008",1172677,1172677,@332320 Allow me to take a closer look. Please share your details here:  and I'll get in touch with you. ^HD
111742,140821,True,"@116090 Hi, I'm in Toronto. If I'm ordering a snow blower, which carrier will it ship out with?",111741,,111742,"@140821 Our orders are shipped through multiple carriers, and we're not able to tell which carrier an item will ship through until after an order is placed and is processed for shipment. I'm sorry for the inconvenience. ^GR"
1095126,378424,True,@115821 @AmazonHelp @115830 Your customer support team is useless and 5 days unable to resolve missing data from my account. Please Help!,1095125,,1095126,"@378424 I'm sorry for the poor experience. Without providing any account details, will you tell us more about what's going on? ^EA"
1030263,363762,True,@AmazonHelp wann kommt die neue folge von Ouat Staffel 7 OV/OmU ?,1030262,,1030263,@363762 Ich habe das gerade bei den Kollegen angefragt. Bitte hab ein wenig Geduld :) ^BL
